f1_macro,precision_macro,recall_macro,epochs,batch_size,validation_split,filters,kernel_size,conv_activation,conv_l2_regularizer,dropout_rate,dense_activation,dense_l2_regularizer,activation,optimizer,loss_function,units,trainable,dense_layers
0.8594322942,0.8877341744,0.8550873011,50,64,0,320,5,relu,0.01,0.2,tanh,0,sigmoid,nadam,binary_crossentropy,128,False,1
0.8584962359,0.8938371327,0.8419625194,50,64,0,320,5,relu,0.01,0.6,tanh,0.001,sigmoid,nadam,binary_crossentropy,128,False,1
0.8501183619,0.8936790831,0.823263211,75,64,0,320,5,relu,0.01,0.6,tanh,0,sigmoid,nadam,binary_crossentropy,128,False,2
0.8444601718,0.9016915028,0.8125136455,50,64,0,320,5,relu,0.001,0.2,tanh,0.01,sigmoid,nadam,binary_crossentropy,128,False,1
0.842848556,0.900085094,0.8255054346,75,64,0,320,5,relu,0.1,0.6,tanh,0.001,sigmoid,nadam,binary_crossentropy,128,False,2
0.8405562297,0.8796826322,0.8405380351,50,64,0,320,5,relu,0.01,0.2,tanh,0.01,sigmoid,nadam,binary_crossentropy,128,False,1
0.8387381521,0.8705949031,0.8224232632,75,64,0,320,5,relu,0.001,0.6,tanh,0.001,sigmoid,nadam,binary_crossentropy,128,False,2
0.8386565701,0.8874133696,0.8126602881,75,64,0,320,5,relu,0.001,0.6,tanh,0.001,sigmoid,nadam,binary_crossentropy,128,False,1
0.8386523385,0.8636524639,0.8347680841,75,64,0,320,5,relu,0.001,0.6,tanh,0.1,sigmoid,nadam,binary_crossentropy,128,False,1
0.835923851,0.9060853593,0.7976049721,75,64,0,320,5,relu,0.001,0,tanh,0.01,sigmoid,nadam,binary_crossentropy,128,False,1
0.8343480385,0.8744370169,0.8093140195,75,64,0,320,5,relu,0.01,0.2,tanh,0,sigmoid,nadam,binary_crossentropy,128,False,2
0.8336174682,0.8893921812,0.8013696372,50,64,0,320,5,relu,0.001,0.6,tanh,0,sigmoid,nadam,binary_crossentropy,128,False,1
0.8336007255,0.8823012011,0.8131814688,50,64,0,320,5,relu,0.01,0,tanh,0.001,sigmoid,nadam,binary_crossentropy,128,False,1
0.829639639,0.9104281994,0.7969341443,75,64,0,320,5,relu,0.01,0.6,tanh,0.001,sigmoid,nadam,binary_crossentropy,128,False,1
0.8266041785,0.9104453722,0.7825476765,50,64,0,320,5,relu,0.001,0.2,tanh,0,sigmoid,nadam,binary_crossentropy,128,False,1
0.825986228,0.8695517465,0.800429779,75,64,0,320,5,relu,0.01,0.2,tanh,0.001,sigmoid,nadam,binary_crossentropy,128,False,1
0.8258602935,0.8872375745,0.801087313,75,64,0,320,5,relu,0.001,0.6,tanh,0.01,sigmoid,nadam,binary_crossentropy,128,False,1
0.8257444762,0.880452276,0.7958152984,75,64,0,320,5,relu,0.01,0.2,tanh,0.1,sigmoid,nadam,binary_crossentropy,128,False,1
0.825050097,0.884235769,0.7956715905,50,64,0,320,5,relu,0.001,0.6,tanh,0.001,sigmoid,nadam,binary_crossentropy,128,False,2
0.8241460195,0.8999823328,0.7864766589,75,64,0,320,5,relu,0.01,0.2,tanh,0.01,sigmoid,nadam,binary_crossentropy,128,False,2
0.8240062995,0.8832191933,0.7878545493,75,64,0,320,5,relu,0.01,0,tanh,0.01,sigmoid,nadam,binary_crossentropy,128,False,2
0.8234186997,0.8795885254,0.793692766,50,64,0,320,5,relu,0.01,0.2,tanh,0.001,sigmoid,nadam,binary_crossentropy,128,False,2
0.8220699259,0.848389779,0.8514798498,50,64,0,320,5,relu,0.001,0.2,tanh,0.001,sigmoid,nadam,binary_crossentropy,128,False,2
0.8196225566,0.8519659045,0.8133733461,75,64,0,320,5,relu,0.001,0.2,tanh,0,sigmoid,nadam,binary_crossentropy,128,False,1
0.8195869799,0.8582884032,0.8167632927,75,64,0,320,5,relu,0.1,0,tanh,0.01,sigmoid,nadam,binary_crossentropy,128,False,1
0.8194594356,0.8757364155,0.78575883,50,64,0,320,5,relu,0.001,0,tanh,0,sigmoid,nadam,binary_crossentropy,128,False,1
0.8192250404,0.8546312222,0.8118703602,75,64,0,320,5,relu,0.1,0.2,tanh,0.001,sigmoid,nadam,binary_crossentropy,128,False,1
0.8181270376,0.9009520274,0.7761333591,75,64,0,320,5,relu,0.001,0,tanh,0.001,sigmoid,nadam,binary_crossentropy,128,False,1
0.8180892393,0.87864815,0.7819292246,75,64,0,320,5,relu,0.01,0.2,tanh,0,sigmoid,nadam,binary_crossentropy,128,False,1
0.8179450979,0.8950112731,0.7800160309,75,64,0,320,5,relu,0,0.2,tanh,0.1,sigmoid,nadam,binary_crossentropy,128,False,1
0.8163903252,0.9171738109,0.773499809,75,64,0,320,5,relu,0.001,0.2,tanh,0.01,sigmoid,nadam,binary_crossentropy,128,False,2
0.8122733973,0.8883577028,0.7730088366,75,64,0,320,5,relu,0.001,0,tanh,0.01,sigmoid,nadam,binary_crossentropy,128,False,2
0.8115459659,0.9049209412,0.7663139103,50,64,0,320,5,relu,0.01,0,tanh,0.01,sigmoid,nadam,binary_crossentropy,128,False,2
0.8109045668,0.8981217921,0.7669961394,50,64,0,320,5,relu,0.01,0.6,tanh,0,sigmoid,nadam,binary_crossentropy,128,False,1
0.8105358206,0.8835137187,0.7737373763,50,64,0,320,5,relu,0.001,0,tanh,0.001,sigmoid,nadam,binary_crossentropy,128,False,2
0.8099544104,0.8962862076,0.76704245,50,64,0,320,5,relu,0.01,0.2,tanh,0.1,sigmoid,nadam,binary_crossentropy,128,False,1
0.8097987815,0.8991200664,0.7732142158,50,64,0,320,5,relu,0,0.2,tanh,0,sigmoid,nadam,binary_crossentropy,128,False,2
0.8086383537,0.8721441141,0.7890322393,50,64,0,320,5,relu,0.001,0.2,tanh,0.01,sigmoid,nadam,binary_crossentropy,128,False,2
0.8084096646,0.8531488452,0.7859722544,75,64,0,320,5,relu,0.1,0.2,tanh,0.01,sigmoid,nadam,binary_crossentropy,128,False,1
0.8080760999,0.9006989981,0.7661926345,50,64,0,320,5,relu,0,0.2,tanh,0.1,sigmoid,nadam,binary_crossentropy,128,False,1
0.8069296472,0.8781412674,0.7683802335,50,64,0,320,5,relu,0.001,0.6,tanh,0.01,sigmoid,nadam,binary_crossentropy,128,False,1
0.8059034531,0.8805672167,0.7744659161,50,64,0,320,5,relu,0.001,0,tanh,0.001,sigmoid,nadam,binary_crossentropy,128,False,1
0.8044548773,0.9038798349,0.7591710531,75,64,0,320,5,relu,0.001,0.2,tanh,0.01,sigmoid,nadam,binary_crossentropy,128,False,1
0.8041106349,0.86464493,0.7908571928,75,64,0,320,5,relu,0.01,0.6,tanh,0,sigmoid,nadam,binary_crossentropy,128,False,1
0.803925309,0.8613477624,0.7883296839,50,64,0,320,5,relu,0.01,0.6,tanh,0,sigmoid,nadam,binary_crossentropy,128,False,2
0.8016511572,0.874533354,0.7765411131,75,64,0,320,5,relu,0,0.6,tanh,0,sigmoid,nadam,binary_crossentropy,128,False,2
0.8010528217,0.885055983,0.7682478397,50,64,0,320,5,relu,0.001,0.6,tanh,0.1,sigmoid,nadam,binary_crossentropy,128,False,2
0.800712564,0.8759047785,0.7688858762,75,64,0,320,5,relu,0.001,0.2,tanh,0.1,sigmoid,nadam,binary_crossentropy,128,False,1
0.7994836513,0.9194473657,0.7565355233,75,64,0,320,5,relu,0,0.6,tanh,0.001,sigmoid,nadam,binary_crossentropy,128,False,2
0.7991241706,0.9062503119,0.7907469667,75,64,0,320,5,relu,0.1,0.2,tanh,0,sigmoid,nadam,binary_crossentropy,128,False,1
0.7981416682,0.8706674991,0.8050592671,50,64,0,320,5,relu,0.01,0.2,tanh,0.001,sigmoid,nadam,binary_crossentropy,128,False,1
0.7979512026,0.8912819186,0.770050204,75,64,0,320,5,relu,0.1,0.6,tanh,0.01,sigmoid,nadam,binary_crossentropy,128,False,1
0.7970952573,0.8850324391,0.7620109374,50,64,0,320,5,relu,0,0.6,tanh,0,sigmoid,nadam,binary_crossentropy,128,False,2
0.7956761497,0.8999399518,0.7670558311,75,64,0,320,5,relu,0.01,0.2,tanh,0.001,sigmoid,nadam,binary_crossentropy,128,False,2
0.7948144347,0.9109563931,0.7477692895,75,64,0,320,5,relu,0,0,tanh,0.01,sigmoid,nadam,binary_crossentropy,128,False,2
0.7947753888,0.9049275965,0.7468333908,75,64,0,320,5,relu,0,0.2,tanh,0.01,sigmoid,nadam,binary_crossentropy,128,False,2
0.793875382,0.8797190148,0.7523837701,50,64,0,320,5,relu,0.01,0,tanh,0.01,sigmoid,nadam,binary_crossentropy,128,False,1
0.7937115535,0.8596712764,0.7698745725,50,64,0,320,5,relu,0.001,0.2,tanh,0.001,sigmoid,nadam,binary_crossentropy,128,False,1
0.7931150822,0.8839773693,0.7514909129,75,64,0,320,5,relu,0.001,0,tanh,0.001,sigmoid,nadam,binary_crossentropy,128,False,2
0.7919917867,0.8731046837,0.7539722885,75,64,0,320,5,relu,0.01,0,tanh,0,sigmoid,nadam,binary_crossentropy,128,False,1
0.7897585891,0.8627957747,0.7578429557,75,64,0,320,5,relu,0.01,0,tanh,0.001,sigmoid,nadam,binary_crossentropy,128,False,2
0.7890859301,0.8630149339,0.7569200165,50,64,0,320,5,relu,0.01,0,tanh,0,sigmoid,nadam,binary_crossentropy,128,False,2
0.7885004733,0.8830806896,0.7443151773,75,64,0,320,5,relu,0.001,0.2,tanh,0.1,sigmoid,nadam,binary_crossentropy,128,False,2
0.7881308951,0.9038468852,0.7396905336,50,64,0,320,5,relu,0,0,tanh,0.01,sigmoid,nadam,binary_crossentropy,128,False,1
0.7873175933,0.8845683919,0.7387732646,75,64,0,320,5,relu,0.01,0,tanh,0.1,sigmoid,nadam,binary_crossentropy,128,False,1
0.7857384428,0.8896640555,0.7534227364,50,64,0,320,5,relu,0.001,0.2,tanh,0.1,sigmoid,nadam,binary_crossentropy,128,False,1
0.7849710874,0.873851052,0.7494053567,75,64,0,320,5,relu,0,0.2,tanh,0,sigmoid,nadam,binary_crossentropy,128,False,2
0.7849057909,0.8759721753,0.7671015774,50,64,0,320,5,relu,0.1,0.2,tanh,0,sigmoid,nadam,binary_crossentropy,128,False,1
0.7847471838,0.9547700949,0.7367049617,50,64,0,320,5,relu,0.01,0,tanh,0.1,sigmoid,nadam,binary_crossentropy,128,False,2
0.7843522047,0.8915701989,0.7469966834,50,64,0,320,5,relu,0,0.6,tanh,0.001,sigmoid,nadam,binary_crossentropy,128,False,1
0.7840223758,0.909140749,0.7478885856,50,64,0,320,5,relu,0.001,0.6,tanh,0.001,sigmoid,nadam,binary_crossentropy,128,False,1
0.7826304605,0.8958010731,0.741923154,75,64,0,320,5,relu,0,0.6,tanh,0,sigmoid,nadam,binary_crossentropy,128,False,1
0.7821769454,0.8690016644,0.7413119305,50,64,0,320,5,relu,0.001,0,tanh,0.1,sigmoid,nadam,binary_crossentropy,128,False,2
0.7819449578,0.8646930035,0.7601739982,75,64,0,320,5,relu,0.1,0,tanh,0.01,sigmoid,nadam,binary_crossentropy,128,False,2
0.7813958481,0.9010214992,0.7334405336,75,64,0,320,5,relu,0,0.6,tanh,0.01,sigmoid,nadam,binary_crossentropy,128,False,2
0.7808873756,0.9027910178,0.7325476765,50,64,0,320,5,relu,0.001,0.6,tanh,0.01,sigmoid,nadam,binary_crossentropy,128,False,2
0.7808873756,0.9027910178,0.7325476765,75,64,0,320,5,relu,0,0,tanh,0.1,sigmoid,nadam,binary_crossentropy,128,False,2
0.7807659718,0.8987283767,0.7343333908,50,64,0,320,5,relu,0,0,tanh,0.01,sigmoid,nadam,binary_crossentropy,128,False,2
0.7806294916,0.891589548,0.7365660111,75,64,0,320,5,relu,0,0,tanh,0,sigmoid,nadam,binary_crossentropy,128,False,1
0.7799861164,0.8811339652,0.738187408,50,64,0,320,5,relu,0,0,tanh,0,sigmoid,nadam,binary_crossentropy,128,False,2
0.778938173,0.8563779347,0.7790054314,75,64,0,320,5,relu,0.01,0.6,tanh,0.01,sigmoid,nadam,binary_crossentropy,128,False,2
0.7780782496,0.8525384384,0.7573577842,75,64,0,320,5,relu,0.01,0.6,tanh,0.1,sigmoid,nadam,binary_crossentropy,128,False,1
0.7779625701,0.8857602208,0.7344957284,75,64,0,320,5,relu,0.001,0.6,tanh,0,sigmoid,nadam,binary_crossentropy,128,False,1
0.777896753,0.8699288445,0.7437880574,50,64,0,320,5,relu,0.001,0,tanh,0.1,sigmoid,nadam,binary_crossentropy,128,False,1
0.7778365098,0.8838910651,0.7391233068,75,64,0,320,5,relu,0.01,0.6,tanh,0.001,sigmoid,nadam,binary_crossentropy,128,False,2
0.777570339,0.876383539,0.7362393561,75,64,0,320,5,relu,0,0,tanh,0,sigmoid,nadam,binary_crossentropy,128,False,2
0.7772180019,0.8825808275,0.7829685816,50,64,0,320,5,relu,0.1,0.6,tanh,0.001,sigmoid,nadam,binary_crossentropy,128,False,2
0.7758944577,0.8414278108,0.7469317574,50,64,0,320,5,relu,0.1,0.2,tanh,0.01,sigmoid,nadam,binary_crossentropy,128,False,2
0.7757133489,0.8816774684,0.7473389636,75,64,0,320,5,relu,0.01,0.2,tanh,0.01,sigmoid,nadam,binary_crossentropy,128,False,1
0.7752707881,0.8980824705,0.7437489752,75,64,0,320,5,relu,0.01,0,tanh,0.001,sigmoid,nadam,binary_crossentropy,128,False,1
0.7740823482,0.8167071719,0.7603499183,75,64,0,320,5,relu,0.1,0.2,tanh,0,sigmoid,nadam,binary_crossentropy,128,False,2
0.7735453405,0.8705220273,0.7331549405,50,64,0,320,5,relu,0,0.6,tanh,0.001,sigmoid,nadam,binary_crossentropy,128,False,2
0.772393262,0.779826865,0.7758190603,50,64,0,320,5,relu,0.01,0.2,tanh,0.01,sigmoid,nadam,binary_crossentropy,128,False,2
0.7720819577,0.8681143905,0.7365640314,50,64,0,320,5,relu,0,0.6,tanh,0,sigmoid,nadam,binary_crossentropy,128,False,1
0.7720151655,0.8966413362,0.7243496246,75,64,0,320,5,relu,0,0.2,tanh,0,sigmoid,nadam,binary_crossentropy,128,False,1
0.7715784088,0.9167994297,0.7236210848,75,64,0,320,5,relu,0,0.6,tanh,0.01,sigmoid,nadam,binary_crossentropy,128,False,1
0.7704573793,0.7755420845,0.7730686544,75,64,0,320,5,relu,0.001,0.2,tanh,0,sigmoid,nadam,binary_crossentropy,128,False,2
0.7703337067,0.8753393972,0.7290964989,50,64,0,320,5,relu,0,0.2,tanh,0,sigmoid,nadam,binary_crossentropy,128,False,1
0.769713805,0.8527641084,0.7619901852,75,64,0,320,5,relu,0.001,0.6,tanh,0.1,sigmoid,nadam,binary_crossentropy,128,False,2
0.7686920981,0.8910311817,0.7251212059,75,64,0,320,5,relu,0,0,tanh,0.01,sigmoid,nadam,binary_crossentropy,128,False,1
0.7680468861,0.9110388881,0.7318191367,75,64,0,320,5,relu,0,0.2,tanh,0.1,sigmoid,nadam,binary_crossentropy,128,False,2
0.7678985093,0.8840730735,0.7494094424,50,64,0,320,5,relu,0.01,0.6,tanh,0.01,sigmoid,nadam,binary_crossentropy,128,False,2
0.7674774202,0.8880995931,0.7250781643,50,64,0,320,5,relu,0,0.2,tanh,0.1,sigmoid,nadam,binary_crossentropy,128,False,2
0.7674385016,0.8423274525,0.7416303324,50,64,0,320,5,relu,0.1,0,tanh,0.01,sigmoid,nadam,binary_crossentropy,128,False,2
0.7672502077,0.8748851521,0.7289752231,50,64,0,320,5,relu,0,0.2,tanh,0.01,sigmoid,nadam,binary_crossentropy,128,False,2
0.766806307,0.9078298186,0.7224446142,75,64,0,320,5,relu,0,0.2,tanh,0.01,sigmoid,nadam,binary_crossentropy,128,False,1
0.7667278738,0.8894300796,0.7222802968,50,64,0,320,5,relu,0,0.2,tanh,0.001,sigmoid,nadam,binary_crossentropy,128,False,2
0.7662503163,0.88639637,0.7213443981,75,64,0,320,5,relu,0,0,tanh,0.1,sigmoid,nadam,binary_crossentropy,128,False,1
0.7655032977,0.8849941494,0.7249138469,50,64,0,320,5,relu,0,0,tanh,0.1,sigmoid,nadam,binary_crossentropy,128,False,2
0.7647649286,0.8955743047,0.7172067674,75,64,0,320,5,relu,0,0.2,tanh,0.001,sigmoid,nadam,binary_crossentropy,128,False,1
0.7644658702,0.8481186524,0.7758612747,50,64,0,320,5,relu,0,0,tanh,0.1,sigmoid,nadam,binary_crossentropy,128,False,1
0.7639901318,0.8807899693,0.722965795,75,64,0,320,5,relu,0.001,0,tanh,0.1,sigmoid,nadam,binary_crossentropy,128,False,1
0.7634141178,0.8844517284,0.7203322449,50,64,0,320,5,relu,0,0,tanh,0,sigmoid,nadam,binary_crossentropy,128,False,1
0.763099779,0.8922822377,0.7284080661,75,64,0,320,5,relu,0.01,0.6,tanh,0.01,sigmoid,nadam,binary_crossentropy,128,False,1
0.7627368504,0.8817038787,0.739528196,50,64,0,320,5,relu,0.1,0,tanh,0.01,sigmoid,nadam,binary_crossentropy,128,False,1
0.7620076103,0.8145115539,0.7352611062,50,64,0,320,5,relu,0.1,0.2,tanh,0.001,sigmoid,nadam,binary_crossentropy,128,False,2
0.7615658056,0.8940912916,0.7245862369,75,64,0,320,5,relu,0.01,0.6,tanh,0.1,sigmoid,nadam,binary_crossentropy,128,False,2
0.76145789,0.8906071176,0.7152587155,75,64,0,320,5,relu,0,0,tanh,0.001,sigmoid,nadam,binary_crossentropy,128,False,1
0.7587612321,0.9017879125,0.722805437,75,64,0,320,5,relu,0.1,0.2,tanh,0.01,sigmoid,nadam,binary_crossentropy,128,False,2
0.7574769541,0.8921775812,0.7109567674,50,64,0,320,5,relu,0,0,tanh,0.001,sigmoid,nadam,binary_crossentropy,128,False,2
0.7569926922,0.9160374182,0.7164782277,50,64,0,320,5,relu,0,0.6,tanh,0.1,sigmoid,nadam,binary_crossentropy,128,False,2
0.7569753928,0.9146533267,0.7093353705,50,64,0,320,5,relu,0.001,0.2,tanh,0.1,sigmoid,nadam,binary_crossentropy,128,False,2
0.7564320889,0.8731799287,0.7148107846,75,64,0,320,5,relu,0,0,tanh,0.001,sigmoid,nadam,binary_crossentropy,128,False,2
0.7558824025,0.9054903175,0.724753489,50,64,0,320,5,relu,0.01,0,tanh,0.1,sigmoid,nadam,binary_crossentropy,128,False,1
0.7554824697,0.8834310221,0.7131893877,75,64,0,320,5,relu,0,0.2,tanh,0.001,sigmoid,nadam,binary_crossentropy,128,False,2
0.7545397308,0.7792452788,0.7443059691,75,64,0,320,5,relu,0.001,0.6,tanh,0,sigmoid,nadam,binary_crossentropy,128,False,2
0.752687257,0.8820913099,0.7209825504,75,64,0,320,5,relu,0,0.6,tanh,0.1,sigmoid,nadam,binary_crossentropy,128,False,1
0.7520544613,0.8855728232,0.7088874397,50,64,0,320,5,relu,0,0.6,tanh,0.01,sigmoid,nadam,binary_crossentropy,128,False,1
0.7518667602,0.8807922502,0.7335023065,50,64,0,320,5,relu,0.001,0.6,tanh,0.1,sigmoid,nadam,binary_crossentropy,128,False,1
0.7502306724,0.8821720742,0.7209825504,50,64,0,320,5,relu,0,0.6,tanh,0.1,sigmoid,nadam,binary_crossentropy,128,False,1
0.7488925586,0.8607191246,0.7458592251,50,64,0,320,5,relu,0.1,0,tanh,0,sigmoid,nadam,binary_crossentropy,128,False,1
0.7487474227,0.8806056361,0.7069393877,50,64,0,320,5,relu,0,0.2,tanh,0.01,sigmoid,nadam,binary_crossentropy,128,False,1
0.7482964648,0.904897164,0.7191889871,75,64,0,320,5,relu,0.1,0.6,tanh,0.001,sigmoid,nadam,binary_crossentropy,128,False,1
0.7482322328,0.8823639906,0.7060465306,50,64,0,320,5,relu,0,0.6,tanh,0.01,sigmoid,nadam,binary_crossentropy,128,False,2
0.7475158647,0.9057361607,0.706210848,75,64,0,320,5,relu,0,0.6,tanh,0.001,sigmoid,nadam,binary_crossentropy,128,False,1
0.7454106239,0.9167155355,0.7064944614,75,64,0,320,5,relu,0,0.6,tanh,0.1,sigmoid,nadam,binary_crossentropy,128,False,2
0.7441722594,0.7752415704,0.7350178641,50,64,0,320,5,relu,0.001,0,tanh,0,sigmoid,nadam,binary_crossentropy,128,False,2
0.7418852065,0.7928917513,0.718990502,75,64,0,320,5,relu,0.001,0.2,tanh,0.001,sigmoid,nadam,binary_crossentropy,128,False,1
0.7417069927,0.8398507766,0.7433588825,50,64,0,320,5,relu,0.1,0.6,tanh,0.001,sigmoid,nadam,binary_crossentropy,128,False,1
0.7416759965,0.8540611551,0.7270966187,50,64,0,320,5,relu,0.1,0,tanh,0.001,sigmoid,nadam,binary_crossentropy,128,False,1
0.7414971857,0.8795386046,0.6997965306,50,64,0,320,5,relu,0,0.2,tanh,0.001,sigmoid,nadam,binary_crossentropy,128,False,1
0.7410181348,0.7841122255,0.7221951685,75,64,0,320,5,relu,0.001,0,tanh,0,sigmoid,nadam,binary_crossentropy,128,False,1
0.7387431812,0.7790221412,0.7271895088,50,64,0,320,5,relu,0.01,0.6,tanh,0.001,sigmoid,nadam,binary_crossentropy,128,False,2
0.7383779907,0.8644364596,0.6985770184,50,64,0,320,5,relu,0,0,tanh,0.001,sigmoid,nadam,binary_crossentropy,128,False,1
0.7373387675,0.8876427401,0.7109597021,75,64,0,320,5,relu,0.1,0.6,tanh,0,sigmoid,nadam,binary_crossentropy,128,False,2
0.7369391259,0.8618277242,0.7156996823,75,64,0,320,5,relu,0.01,0,tanh,0.1,sigmoid,nadam,binary_crossentropy,128,False,2
0.736360894,0.8103617453,0.7093764324,75,64,0,320,5,relu,0.1,0,tanh,0.001,sigmoid,nadam,binary_crossentropy,128,False,1
0.7359987738,0.8963076373,0.7190677113,50,64,0,320,5,relu,0.01,0.6,tanh,0.01,sigmoid,nadam,binary_crossentropy,128,False,1
0.7358245822,0.8526004531,0.7404296475,50,64,0,320,5,relu,0.1,0.2,tanh,0,sigmoid,nadam,binary_crossentropy,128,False,2
0.7328596906,0.886848881,0.699059117,50,64,0,320,5,relu,0.1,0.2,tanh,0.01,sigmoid,nadam,binary_crossentropy,128,False,1
0.7315821836,0.8255067026,0.6956149034,50,64,0,320,5,relu,0.001,0,tanh,0.01,sigmoid,nadam,binary_crossentropy,128,False,1
0.7275898932,0.8804182272,0.6963854599,75,64,0,320,5,relu,0.001,0,tanh,0.1,sigmoid,nadam,binary_crossentropy,128,False,2
0.726850125,0.8633557906,0.6922429149,75,64,0,320,5,relu,0.1,0.6,tanh,0.01,sigmoid,nadam,binary_crossentropy,128,False,2
0.7264294781,0.7555970416,0.7140137666,50,64,0,320,5,relu,0.001,0.2,tanh,0,sigmoid,nadam,binary_crossentropy,128,False,2
0.7251428946,0.8256215457,0.6926395509,75,64,0,320,5,relu,0.1,0,tanh,0.1,sigmoid,nadam,binary_crossentropy,128,False,1
0.7235788285,0.8569060673,0.6919974287,50,64,0,320,5,relu,0.1,0.6,tanh,0,sigmoid,nadam,binary_crossentropy,128,False,2
0.7216356939,0.7959938071,0.6939924817,50,64,0,320,5,relu,0.01,0,tanh,0.001,sigmoid,nadam,binary_crossentropy,128,False,2
0.7204861107,0.8007994177,0.6960627644,50,64,0,320,5,relu,0.001,0,tanh,0.01,sigmoid,nadam,binary_crossentropy,128,False,2
0.7196730505,0.7776311165,0.6951474751,75,64,0,320,5,relu,0.1,0,tanh,0.001,sigmoid,nadam,binary_crossentropy,128,False,2
0.7149874815,0.7952912099,0.7320683728,50,64,0,320,5,relu,0.1,0.6,tanh,0,sigmoid,nadam,binary_crossentropy,128,False,1
0.7148806423,0.8150048098,0.7065996349,75,64,0,320,5,relu,0.01,0.2,tanh,0.1,sigmoid,nadam,binary_crossentropy,128,False,2
0.714725689,0.8153913115,0.6783239626,75,64,0,320,5,relu,0.001,0.6,tanh,0.01,sigmoid,nadam,binary_crossentropy,128,False,2
0.7089859405,0.7810069855,0.6916366059,75,64,0,320,5,relu,0.1,0,tanh,0,sigmoid,nadam,binary_crossentropy,128,False,1
0.7054865826,0.7605304528,0.7301632227,75,64,0,320,5,relu,0.001,0.2,tanh,0.001,sigmoid,nadam,binary_crossentropy,128,False,2
0.7025065286,0.8603726882,0.6769841296,75,64,0,320,5,relu,0.01,0,tanh,0.01,sigmoid,nadam,binary_crossentropy,128,False,1
0.6979580308,0.7647353798,0.6823793997,50,64,0,320,5,relu,0.1,0.6,tanh,0.01,sigmoid,nadam,binary_crossentropy,128,False,2
0.6965300062,0.8162979449,0.6819979862,50,64,0,320,5,relu,0.01,0.6,tanh,0.1,sigmoid,nadam,binary_crossentropy,128,False,2
0.6918993315,0.8434366848,0.6658279221,75,64,0,320,5,relu,0.1,0.6,tanh,0,sigmoid,nadam,binary_crossentropy,128,False,1
0.6844110981,0.8321768084,0.6749196464,50,64,0,320,5,relu,0.1,0,tanh,0.1,sigmoid,nadam,binary_crossentropy,128,False,1
0.6842042236,0.7191853716,0.681210848,50,64,0,320,5,relu,0.1,0,tanh,0,sigmoid,nadam,binary_crossentropy,128,False,2
0.6834118153,0.7144846523,0.6845798319,75,64,0,320,5,relu,0.1,0,tanh,0,sigmoid,nadam,binary_crossentropy,128,False,2
0.6816935145,0.8717714487,0.6691861397,50,64,0,320,5,relu,0.1,0.2,tanh,0.1,sigmoid,nadam,binary_crossentropy,128,False,1
0.67901672,0.8112467461,0.6778604307,50,64,0,320,5,relu,0.1,0.2,tanh,0.001,sigmoid,nadam,binary_crossentropy,128,False,1
0.6783332806,0.7039410629,0.6727448777,50,64,0,320,5,relu,0.01,0,tanh,0,sigmoid,nadam,binary_crossentropy,128,False,1
0.6729401981,0.7651671684,0.7038787124,50,64,0,320,5,relu,0.01,0.2,tanh,0,sigmoid,nadam,binary_crossentropy,128,False,2
0.672924588,0.7592443956,0.6583172781,50,64,0,320,5,relu,0.01,0.2,tanh,0.1,sigmoid,nadam,binary_crossentropy,128,False,2
0.6677468388,0.6772163136,0.6689710045,50,64,0,320,5,relu,0.1,0,tanh,0.001,sigmoid,nadam,binary_crossentropy,128,False,2
0.6630791483,0.6845401629,0.6651383946,50,64,0,320,5,relu,0.001,0.6,tanh,0,sigmoid,nadam,binary_crossentropy,128,False,2
0.6603481867,0.8523335259,0.6392363992,75,64,0,320,5,relu,0.1,0.6,tanh,0.1,sigmoid,nadam,binary_crossentropy,128,False,1
0.6579139434,0.682570254,0.6571346039,75,64,0,320,5,relu,0.001,0,tanh,0,sigmoid,nadam,binary_crossentropy,128,False,2
0.6548561497,0.8886443686,0.6377855233,50,64,0,320,5,relu,0.01,0.6,tanh,0.1,sigmoid,nadam,binary_crossentropy,128,False,1
0.6346918929,0.7176099423,0.6903144476,75,64,0,320,5,relu,0.1,0.2,tanh,0.001,sigmoid,nadam,binary_crossentropy,128,False,2
0.6036233812,0.8416641065,0.5848214286,50,64,0,320,5,relu,0.1,0.6,tanh,0.01,sigmoid,nadam,binary_crossentropy,128,False,1
0.5997608471,0.7324007846,0.5813272094,75,64,0,320,5,relu,0.1,0.2,tanh,0.1,sigmoid,nadam,binary_crossentropy,128,False,1
0.5406921731,0.5401689708,0.5571428571,75,64,0,320,5,relu,0.01,0,tanh,0,sigmoid,nadam,binary_crossentropy,128,False,2
0.5094781147,0.5358196268,0.5273519164,50,64,0,320,5,relu,0.1,0.6,tanh,0.1,sigmoid,nadam,binary_crossentropy,128,False,1
0.486195112,0.5330878915,0.5125,75,64,0,320,5,relu,0.1,0.2,tanh,0.1,sigmoid,nadam,binary_crossentropy,128,False,2
0.46343331,0.4320944367,0.5,50,64,0,320,5,relu,0.1,0,tanh,0.1,sigmoid,nadam,binary_crossentropy,128,False,2
0.46343331,0.4320944367,0.5,50,64,0,320,5,relu,0.1,0.2,tanh,0.1,sigmoid,nadam,binary_crossentropy,128,False,2
0.46343331,0.4320944367,0.5,50,64,0,320,5,relu,0.1,0.6,tanh,0.1,sigmoid,nadam,binary_crossentropy,128,False,2
0.46343331,0.4320944367,0.5,75,64,0,320,5,relu,0.1,0,tanh,0.1,sigmoid,nadam,binary_crossentropy,128,False,2
0.46343331,0.4320944367,0.5,75,64,0,320,5,relu,0.1,0.6,tanh,0.1,sigmoid,nadam,binary_crossentropy,128,False,2
